{"cameraMode":{"drawMode":0,"name":"Shaded","section":"Shading Mode"},"sceneLighting":false,"audioPlay":false,"sceneViewState":{"showFog":true,"showMaterialUpdate":false,"showSkybox":true,"showFlares":true,"showImageEffects":true,"showParticleSystems":true},"in2DMode":false,"pivot":{"x":115.7066650390625,"y":2.062969207763672,"z":0.61968994140625},"rotation":{"x":-0.30833539366722109,"y":0.018819956108927728,"z":-0.006100261118263006,"w":-0.9510719776153565},"size":42.83601760864258,"orthographic":false}