{"cameraMode":{"drawMode":0,"name":"Shaded","section":"Shading Mode"},"sceneLighting":false,"audioPlay":false,"sceneViewState":{"showFog":true,"showMaterialUpdate":false,"showSkybox":true,"showFlares":true,"showImageEffects":true,"showParticleSystems":true},"in2DMode":false,"pivot":{"x":-17.366111755371095,"y":1.1972627639770508,"z":-3.4806909561157228},"rotation":{"x":0.009970303624868393,"y":0.9199789762496948,"z":-0.39113849401474,"w":0.023452911525964738},"size":15.580988883972168,"orthographic":false}