{"cameraMode":{"drawMode":0,"name":"Shaded","section":"Shading Mode"},"sceneLighting":false,"audioPlay":false,"sceneViewState":{"showFog":true,"showMaterialUpdate":false,"showSkybox":true,"showFlares":true,"showImageEffects":true,"showParticleSystems":true},"in2DMode":false,"pivot":{"x":7.118459224700928,"y":13.754714965820313,"z":-15.004668235778809},"rotation":{"x":-0.2493402510881424,"y":0.0029052444733679296,"z":-0.0007480233325622976,"w":-0.9684113264083862},"size":14.30788516998291,"orthographic":false}