{"cameraMode":{"drawMode":0,"name":"Shaded","section":"Shading Mode"},"sceneLighting":false,"audioPlay":false,"sceneViewState":{"showFog":true,"showMaterialUpdate":false,"showSkybox":true,"showFlares":true,"showImageEffects":true,"showParticleSystems":true},"in2DMode":false,"pivot":{"x":4.199999809265137,"y":2.1999998092651369,"z":0.0},"rotation":{"x":0.5210959911346436,"y":0.0748181939125061,"z":-0.045922525227069858,"w":0.8489713668823242},"size":10.469375610351563,"orthographic":false}