{"cameraMode":{"drawMode":0,"name":"Shaded","section":"Shading Mode"},"sceneLighting":false,"audioPlay":false,"sceneViewState":{"showFog":true,"showMaterialUpdate":false,"showSkybox":true,"showFlares":true,"showImageEffects":true,"showParticleSystems":true},"in2DMode":false,"pivot":{"x":5.890999794006348,"y":0.6035000085830689,"z":0.36076486110687258},"rotation":{"x":0.13492214679718018,"y":0.5625772476196289,"z":-0.09367761015892029,"w":0.8102637529373169},"size":3.477940559387207,"orthographic":false}