{"cameraMode":{"drawMode":0,"name":"Shaded","section":"Shading Mode"},"sceneLighting":false,"audioPlay":false,"sceneViewState":{"showFog":true,"showMaterialUpdate":false,"showSkybox":true,"showFlares":true,"showImageEffects":true,"showParticleSystems":true},"in2DMode":false,"pivot":{"x":50.222354888916019,"y":0.6548482179641724,"z":2.9813389778137209},"rotation":{"x":-0.2081640362739563,"y":-0.0522003248333931,"z":0.011126954108476639,"w":-0.9766366481781006},"size":3.3414218425750734,"orthographic":false}