{"cameraMode":{"drawMode":0,"name":"Shaded","section":"Shading Mode"},"sceneLighting":false,"audioPlay":false,"sceneViewState":{"showFog":true,"showMaterialUpdate":false,"showSkybox":true,"showFlares":true,"showImageEffects":true,"showParticleSystems":true},"in2DMode":false,"pivot":{"x":7.407797813415527,"y":1.237019658088684,"z":2.2241978645324709},"rotation":{"x":0.09574445337057114,"y":0.7591771483421326,"z":-0.11473896354436875,"w":0.6334967613220215},"size":4.565402984619141,"orthographic":false}