{"cameraMode":{"drawMode":0,"name":"Shaded","section":"Shading Mode"},"sceneLighting":false,"audioPlay":false,"sceneViewState":{"showFog":true,"showMaterialUpdate":false,"showSkybox":true,"showFlares":true,"showImageEffects":true,"showParticleSystems":true},"in2DMode":false,"pivot":{"x":-1.205002784729004,"y":3.0302839279174806,"z":-0.030002117156982423},"rotation":{"x":0.14019997417926789,"y":-0.0688529908657074,"z":0.009775223210453987,"w":0.9876779913902283},"size":73.04458618164063,"orthographic":false}