{"cameraMode":{"drawMode":0,"name":"Shaded","section":"Shading Mode"},"sceneLighting":true,"audioPlay":false,"sceneViewState":{"showFog":true,"showMaterialUpdate":false,"showSkybox":true,"showFlares":true,"showImageEffects":true,"showParticleSystems":true},"in2DMode":false,"pivot":{"x":10.530515670776368,"y":19.631723403930665,"z":3.9580698013305666},"rotation":{"x":-0.010489482432603836,"y":0.012900760397315026,"z":0.00013729515194427222,"w":0.9998617768287659},"size":111.26203155517578,"orthographic":false}