{"cameraMode":{"drawMode":0,"name":"Shaded","section":"Shading Mode"},"sceneLighting":false,"audioPlay":false,"sceneViewState":{"showFog":true,"showMaterialUpdate":false,"showSkybox":true,"showFlares":true,"showImageEffects":true,"showParticleSystems":true},"in2DMode":false,"pivot":{"x":3.6098358631134035,"y":1.167426586151123,"z":0.05275595188140869},"rotation":{"x":0.09283454716205597,"y":0.02628123015165329,"z":-0.002451031468808651,"w":0.9953316450119019},"size":5.307986736297607,"orthographic":false}