{"cameraMode":{"drawMode":0,"name":"Shaded","section":"Shading Mode"},"sceneLighting":false,"audioPlay":false,"sceneViewState":{"showFog":true,"showMaterialUpdate":false,"showSkybox":true,"showFlares":true,"showImageEffects":true,"showParticleSystems":true},"in2DMode":false,"pivot":{"x":7.946789741516113,"y":9.531412124633789,"z":3.864238739013672},"rotation":{"x":0.16717591881752015,"y":-0.021293429657816888,"z":0.003611938329413533,"w":0.9856905937194824},"size":31.303382873535158,"orthographic":false}